It is not true that John likes espresso or biscotti.,condition:,HD,rating:,5
John doesn't like espresso or biscotti.,condition:,SD,rating:,5
It is not true that John likes espresso and biscotti.,condition:,HC,rating:,2
Pat didn't enter the room nor see her,condition:,filler,rating:,5
It is not true that Andrew speaks English or German.,condition:,HD,rating:,5
It is not true that Pat entered the room or saw her.,condition:,HD,rating:,5
The road wasn't very wide and easy to find.,condition:,SC,rating:,2
John doesn't like espresso and biscotti.,condition:,SC,rating:,2
John likes both espresso and biscotti.,condition:,filler,rating:,5
Andrew speaks German and English.,condition:,filler,rating:,5
We closed the door as well as the window.,condition:,filler,rating:,5
We did not close the door or the window.,condition:,SD,rating:,5
Andrew doesn't speak English and German.,condition:,SC,rating:,1
It is not true that Pat entered the room and saw her.,condition:,HC,rating:,2
It is not true that we closed the door and the window.,condition:,HC,rating:,2
The road wasn't very wide or easy to find.,condition:,SD,rating:,5
Andrew doesn't speak English or German.,condition:,SD,rating:,5
The road wasn't easy to find because it was not very wide.,condition:,filler,rating:,5
Pat didn't enter the room or see her.,condition:,SD,rating:,5
It is not true that we closed the door or the window.,condition:,HD,rating:,5
It is not true that the road was very wide and easy to find.,condition:,HC,rating:,2
Pat didn't enter the room and see her.,condition:,SC,rating:,2
It is not true that the road was very wide or easy to find.,condition:,HD,rating:,4
It is not true that Andrew speaks English and German.,condition:,HC,rating:,3
We didn't close the door and the window.,condition:,SC,rating:,2
