animal:,3,award:,2,sentence:,0,response:,0,
animal:,0,award:,2,sentence:,3,response:,-1,
animal:,2,award:,1,sentence:,3,response:,1,
animal:,2,award:,2,sentence:,3,response:,-1,
animal:,1,award:,2,sentence:,1,response:,1,
animal:,3,award:,1,sentence:,1,response:,-1,
animal:,2,award:,2,sentence:,0,response:,-1,
animal:,0,award:,1,sentence:,2,response:,-1,
animal:,1,award:,2,sentence:,0,response:,1,
animal:,2,award:,1,sentence:,2,response:,-1,
animal:,4,award:,0,sentence:,0,response:,1,
animal:,4,award:,0,sentence:,2,response:,1,
animal:,3,award:,2,sentence:,3,response:,-1,
animal:,2,award:,0,sentence:,2,response:,1,
animal:,2,award:,0,sentence:,1,response:,-1,
animal:,4,award:,0,sentence:,3,response:,0,
animal:,1,award:,2,sentence:,2,response:,-1,
animal:,0,award:,0,sentence:,1,response:,-1,
animal:,0,award:,2,sentence:,1,response:,-1,
animal:,0,award:,1,sentence:,1,response:,1,
animal:,2,award:,2,sentence:,2,response:,-1,
animal:,3,award:,0,sentence:,3,response:,-1,
animal:,4,award:,1,sentence:,3,response:,-1,
animal:,2,award:,0,sentence:,3,response:,-1,
animal:,2,award:,1,sentence:,0,response:,-1,
animal:,3,award:,0,sentence:,1,response:,-1,
animal:,3,award:,1,sentence:,0,response:,1,
animal:,4,award:,2,sentence:,1,response:,1,
animal:,0,award:,0,sentence:,3,response:,0,
animal:,1,award:,0,sentence:,0,response:,-1,
animal:,3,award:,2,sentence:,1,response:,1,
animal:,3,award:,0,sentence:,2,response:,1,
animal:,2,award:,1,sentence:,1,response:,-1,
animal:,1,award:,1,sentence:,3,response:,1,
animal:,1,award:,2,sentence:,3,response:,-1,
animal:,3,award:,1,sentence:,2,response:,1,
animal:,1,award:,0,sentence:,3,response:,1,
animal:,4,award:,0,sentence:,1,response:,-1,
animal:,0,award:,0,sentence:,0,response:,1,
animal:,1,award:,0,sentence:,2,response:,1,
animal:,0,award:,0,sentence:,2,response:,-1,
animal:,1,award:,1,sentence:,0,response:,-1,
animal:,4,award:,1,sentence:,0,response:,-1,
animal:,4,award:,1,sentence:,1,response:,-1,
animal:,4,award:,1,sentence:,2,response:,-1,
animal:,3,award:,0,sentence:,0,response:,1,
animal:,1,award:,1,sentence:,2,response:,-1,
animal:,0,award:,1,sentence:,3,response:,1,
animal:,3,award:,2,sentence:,2,response:,-1,
animal:,0,award:,2,sentence:,2,response:,1,
animal:,4,award:,2,sentence:,2,response:,1,
animal:,0,award:,1,sentence:,0,response:,-1,
animal:,0,award:,2,sentence:,0,response:,-1,
animal:,4,award:,2,sentence:,3,response:,-1,
animal:,3,award:,1,sentence:,3,response:,1,
animal:,1,award:,0,sentence:,1,response:,-1,
animal:,4,award:,2,sentence:,0,response:,1,
animal:,1,award:,1,sentence:,1,response:,-1,
animal:,2,award:,2,sentence:,1,response:,-1,
animal:,2,award:,0,sentence:,0,response:,0,
